cliente_id,segmento,ciudad,canal_compra,email,fecha_ultima_compra,dias_sin_compra,num_compras,gasto_total,num_categorias,cancelaciones,categoria_favorita,volvio
CLI-0001,Regular,Medellín,App,cliente1@yahoo.com,2026-01-16,72,2,323.81,1,0,Deportes,0
CLI-0002,Dormido,Medellín,Web,,2025-04-24,339,5,79.28,1,3,Belleza,0
CLI-0003,Nuevo,Bogotá,Web,cliente3@outlook.com,23/03/2026,6,2,136.66,1,0,Ropa,1
CLI-0004,Regular,Medellín,App,cliente4@yahoo.com,2026-02-23,34,3,166.2,2,1,Deportes,1
CLI-0005,Regular,Bucaramanga,App,cliente5@gmail.com,2025-12-01,118,6,121.09,2,0,Ropa,0
CLI-0006,Regular,Bogotá,Web,cliente6@hotmail.com,2026-01-14,74,3,889.82,3,0,Belleza,1
CLI-0007,Premium,Cartagena,Web,cliente7@gmail.com,2026-03-08,21,29,4282.49,3,0,Ropa,1
CLI-0008,Dormido,Cali,App,cliente8@empresa.co,2025-08-24,217,1,183.48,1,1,Electrónica,0
CLI-0009,Nuevo,Barranquilla,Tienda física,cliente9@hotmail.com,2026-02-09,48,1,262.12,1,0,Deportes,1
CLI-0010,Nuevo,Medellín,Web,cliente10@hotmail.com,26/02/2026,31,1,299.06,1,0,Ropa,0
CLI-0011,Premium,Barranquilla,Tienda física,cliente11@gmail.com,2026-02-20,37,28,4768.02,3,1,Hogar,1
CLI-0012,Dormido,Bogotá,App,cliente12@empresa.co,2025-07-08,264,5,196.7,1,1,Ropa,0
CLI-0013,Nuevo,Barranquilla,Web,cliente13@yahoo.com,2026-02-12,45,1,78.02,1,0,Deportes,1
CLI-0014,Regular,Bogotá,Tienda física,cliente14@gmail.com,2025-12-06,113,9,137.52,3,2,Belleza,0
CLI-0015,Regular,Bucaramanga,Web,cliente15@hotmail.com,2026-02-22,35,3,516.25,3,1,Belleza,1
CLI-0016,Regular,Pereira,Web,cliente16@outlook.com,2026-01-29,59,5,753.11,1,3,Deportes,1
CLI-0017,Regular,Bogotá,App,cliente17@yahoo.com,16/12/2025,103,7,733.45,3,0,Electrónica,1
CLI-0018,Regular,Bogotá,App,cliente18@gmail.com,2026-02-01,56,8,704.11,2,0,Electrónica,1
CLI-0019,Regular,Barranquilla,App,cliente19@empresa.co,2026-01-13,75,4,270.37,2,1,Belleza,1
CLI-0020,Regular,Bogotá,App,cliente20@outlook.com,2026-02-10,47,3,571.93,3,1,Belleza,1
CLI-0021,Nuevo,Bucaramanga,App,cliente21@empresa.co,2026-03-02,27,1,273.16,1,1,Deportes,1
CLI-0022,Premium,Bogotá,App,cliente22@empresa.co,2026-02-19,38,8,4091.34,4,1,Electrónica,1
CLI-0023,Regular,Bogotá,Tienda física,cliente23@outlook.com,04/12/2025,115,4,658.11,2,0,Belleza,0
CLI-0024,Regular,Pereira,App,cliente24@gmail.com,2026-01-23,65,2,493.69,1,3,Electrónica,1
CLI-0025,Regular,Cali,Web,cliente25@yahoo.com,2026-02-14,43,7,494.09,2,0,Belleza,1
CLI-0026,Nuevo,Barranquilla,Tienda física,cliente26@yahoo.com,14/02/2026,43,1,87.24,1,0,Ropa,1
CLI-0027,Regular,Bogotá,Web,cliente27@hotmail.com,2026-02-25,32,8,567.81,2,2,Hogar,1
CLI-0028,Regular,Cali,App,cliente28@yahoo.com,2026-03-04,25,9,244.05,1,3,Ropa,0
CLI-0029,Regular,Medellín,Web,cliente29@gmail.com,12/01/2026,76,9,479.17,2,0,Belleza,1
CLI-0030,Premium,Cali,Web,cliente30@yahoo.com,2026-03-10,19,28,1509.53,4,1,Hogar,1
CLI-0031,Nuevo,Cali,Web,cliente31@yahoo.com,2026-03-07,22,1,173.64,1,0,Hogar,0
CLI-0032,Regular,Medellín,Web,cliente32@outlook.com,2026-03-08,21,3,815.37,2,0,Belleza,0
CLI-0033,Premium,Medellín,Tienda física,cliente33@yahoo.com,2026-03-03,26,20,2150.65,3,1,Belleza,1
CLI-0034,Dormido,Bogotá,Web,cliente34@gmail.com,2025-10-14,166,1,284.48,1,3,Electrónica,0
CLI-0035,Dormido,Barranquilla,App,cliente35@yahoo.com,2025-10-13,167,5,30.96,1,4,Belleza,0
CLI-0036,Nuevo,Bogotá,Web,cliente36@hotmail.com,2026-03-21,8,1,187.24,1,1,Deportes,1
CLI-0037,Regular,Cali,App,cliente37@hotmail.com,2026-02-01,56,8,839.23,2,1,Belleza,1
CLI-0038,Premium,Bogotá,Tienda física,cliente38@empresa.co,2026-03-01,28,21,2742.65,4,0,Deportes,1
CLI-0039,Nuevo,Cali,App,cliente39@hotmail.com,2026-03-15,14,1,90.68,1,0,Belleza,1
CLI-0040,Regular,Cali,App,,2026-02-25,32,7,699.69,1,3,Electrónica,1
CLI-0041,Premium,Bogotá,Tienda física,cliente41@gmail.com,2026-03-11,18,13,3036.99,4,0,Deportes,1
CLI-0042,Regular,Bogotá,Web,cliente42@empresa.co,2025-12-21,98,8,401.83,3,1,Ropa,1
CLI-0043,Premium,Bogotá,App,cliente43@hotmail.com,2026-03-12,17,14,1174.66,4,1,Deportes,1
CLI-0044,Dormido,Cali,Web,cliente44@empresa.co,2025-11-05,144,1,156.88,2,1,Electrónica,1
CLI-0045,Regular,Barranquilla,Tienda física,cliente45@gmail.com,2026-03-10,19,4,619.06,3,1,Deportes,1
CLI-0046,Nuevo,Bogotá,App,cliente46@hotmail.com,2026-02-21,36,1,226.31,2,0,Belleza,1
CLI-0047,Regular,Cali,Tienda física,cliente47@empresa.co,08/02/2026,49,2,551.57,1,1,Belleza,1
CLI-0048,Regular,Bogotá,App,cliente48@gmail.com,2025-12-09,110,7,819.72,2,3,Electrónica,1
CLI-0049,Regular,Medellín,Web,cliente49@yahoo.com,2026-01-20,68,9,498.6,1,1,Hogar,0
CLI-0050,Regular,Cartagena,Tienda física,cliente50@empresa.co,2026-02-15,42,6,181.43,2,1,Belleza,1
CLI-0051,Dormido,Bogotá,App,cliente51@hotmail.com,2025-08-10,231,4,344.8,1,1,Ropa,1
CLI-0052,Nuevo,Medellín,App,cliente52@gmail.com,2026-03-26,3,1,25.11,2,0,Electrónica,0
CLI-0053,Dormido,Bogotá,App,cliente53@gmail.com,21/04/2025,342,2,243.12,2,3,Deportes,0
CLI-0054,Dormido,Bogotá,Web,cliente54@gmail.com,2025-07-19,253,1,211.58,2,3,Deportes,1
CLI-0055,Regular,Bogotá,Web,cliente55@gmail.com,2026-01-22,66,3,545.41,2,3,Ropa,0
CLI-0056,Dormido,Bogotá,Web,cliente56@yahoo.com,2025-06-10,292,4,105.88,2,2,Belleza,0
CLI-0057,Premium,Cali,App,cliente57@empresa.co,2026-03-25,4,26,1637.93,3,1,Electrónica,1
CLI-0058,Regular,Medellín,App,cliente58@hotmail.com,2026-03-08,21,8,665.78,2,1,Ropa,1
CLI-0059,Premium,Medellín,App,cliente59@yahoo.com,2026-02-20,37,18,4714.46,3,0,Belleza,0
CLI-0060,Regular,Bogotá,App,,2026-03-17,12,2,395.38,2,3,Electrónica,1
CLI-0061,Regular,Bogotá,Web,cliente61@gmail.com,2026-03-15,14,8,539.14,1,1,Deportes,1
CLI-0062,Regular,Cali,Tienda física,cliente62@yahoo.com,2026-02-08,49,3,170.29,1,2,Electrónica,0
CLI-0063,Nuevo,Pereira,Web,cliente63@hotmail.com,2026-03-20,9,1,52.67,2,0,Hogar,1
CLI-0064,Regular,Bogotá,App,,2026-02-10,47,8,735.43,1,2,Electrónica,1
CLI-0065,Regular,Bucaramanga,Tienda física,cliente65@outlook.com,2026-01-10,78,7,696.78,2,1,Hogar,1
CLI-0066,Regular,Medellín,Web,cliente66@outlook.com,2026-01-04,84,2,264.0,3,2,Electrónica,0
CLI-0067,Premium,Medellín,Tienda física,cliente67@outlook.com,2026-03-28,1,15,3830.71,4,1,Hogar,1
CLI-0068,Nuevo,Medellín,Web,cliente68@empresa.co,2026-02-28,29,2,251.82,2,0,Deportes,1
CLI-0069,Premium,Bogotá,App,cliente69@empresa.co,2026-02-27,30,10,1489.92,3,0,Belleza,1
CLI-0070,Dormido,Bogotá,App,cliente70@outlook.com,2025-09-13,197,2,365.91,1,1,Hogar,1
CLI-0071,Nuevo,Cali,Web,cliente71@yahoo.com,2026-02-15,42,1,211.23,1,1,Hogar,1
CLI-0072,Regular,Bogotá,App,,2025-12-06,113,7,819.73,2,0,Deportes,0
CLI-0073,Premium,Cartagena,App,cliente73@yahoo.com,24/02/2026,33,22,3225.44,3,0,Hogar,1
CLI-0074,Nuevo,Medellín,Web,cliente74@yahoo.com,2026-02-10,47,1,168.92,2,0,Ropa,1
CLI-0075,Nuevo,Bogotá,Web,cliente75@outlook.com,2026-02-17,40,1,172.0,2,1,Deportes,0
CLI-0076,Nuevo,Cali,Web,cliente76@outlook.com,2026-03-26,3,1,224.55,2,1,Ropa,1
CLI-0077,Nuevo,Bogotá,App,,2026-02-05,52,1,266.02,2,0,Deportes,0
CLI-0078,Premium,Medellín,App,cliente78@yahoo.com,2026-02-27,30,14,3207.23,4,0,Hogar,1
CLI-0079,Regular,Cali,Web,cliente79@hotmail.com,2026-01-22,66,2,665.58,3,2,Ropa,0
CLI-0080,Premium,Bucaramanga,Tienda física,cliente80@gmail.com,24/02/2026,33,11,3193.54,3,1,Hogar,1
CLI-0081,Dormido,Barranquilla,Web,cliente81@outlook.com,2025-07-30,242,2,156.57,1,5,Deportes,0
CLI-0082,Nuevo,Cali,Tienda física,,2026-02-10,47,2,147.96,2,1,Hogar,1
CLI-0083,Regular,Cali,Web,,2026-03-05,24,6,531.89,3,0,Ropa,1
CLI-0084,Premium,Cartagena,Web,,2026-03-25,4,19,4041.9,3,0,Ropa,1
CLI-0085,Regular,Bogotá,App,cliente85@gmail.com,2026-02-12,45,5,672.94,1,2,Hogar,1
CLI-0086,Regular,Bogotá,Web,cliente86@empresa.co,28/02/2026,29,4,867.26,2,3,Electrónica,1
CLI-0087,Nuevo,Bogotá,Web,cliente87@hotmail.com,2026-03-23,6,2,138.61,2,1,Deportes,0
CLI-0088,Nuevo,Bogotá,Web,cliente88@yahoo.com,2026-02-14,43,2,275.32,2,1,Deportes,1
CLI-0089,Dormido,Cali,Web,cliente89@outlook.com,2025-05-04,329,1,124.73,1,4,Hogar,0
CLI-0090,Regular,Cali,Web,cliente90@outlook.com,2026-01-03,85,5,552.11,1,3,Electrónica,0
CLI-0091,Premium,Medellín,App,cliente91@outlook.com,2026-02-20,37,15,3535.74,4,0,Ropa,1
CLI-0092,Nuevo,Bogotá,Web,cliente92@hotmail.com,2026-02-26,31,2,39.3,1,0,Belleza,1
CLI-0093,Nuevo,Cali,App,cliente93@yahoo.com,2026-03-15,14,2,255.32,1,0,Belleza,1
CLI-0094,Regular,Bogotá,Tienda física,cliente94@hotmail.com,2026-03-19,10,7,288.72,2,1,Hogar,0
CLI-0095,Nuevo,Cali,App,cliente95@empresa.co,2026-02-21,36,2,254.5,1,0,Electrónica,0
CLI-0096,Regular,Medellín,App,cliente96@hotmail.com,2026-01-25,63,8,281.92,1,2,Electrónica,1
CLI-0097,Regular,Bogotá,App,cliente97@empresa.co,01/02/2026,56,2,695.4,1,1,Deportes,1
CLI-0098,Regular,Bogotá,Web,cliente98@yahoo.com,2026-02-22,35,2,191.41,1,3,Ropa,1
CLI-0099,Premium,Bogotá,App,cliente99@empresa.co,2026-03-03,26,18,4676.43,4,0,Electrónica,0
CLI-0100,Premium,Barranquilla,App,cliente100@outlook.com,2026-03-02,27,9,4657.51,3,1,Belleza,1
CLI-0101,Premium,Cartagena,Web,cliente101@yahoo.com,2026-02-13,44,26,1842.55,3,0,Ropa,1
CLI-0102,Nuevo,Cali,App,cliente102@gmail.com,2026-02-05,52,2,29.49,1,0,Ropa,0
CLI-0103,Regular,Bogotá,Tienda física,cliente103@hotmail.com,2026-02-19,38,8,322.07,2,1,Hogar,1
CLI-0104,Regular,Medellín,Tienda física,cliente104@hotmail.com,25/12/2025,94,2,242.43,1,3,Electrónica,1
CLI-0105,Dormido,Cali,Web,cliente105@gmail.com,2025-06-06,296,4,183.41,1,4,Hogar,0
CLI-0106,Regular,Barranquilla,App,cliente106@gmail.com,2026-01-18,70,9,501.76,1,0,Electrónica,0
CLI-0107,Regular,Bogotá,Web,cliente107@yahoo.com,2025-12-16,103,8,441.43,3,3,Deportes,1
CLI-0108,Nuevo,Bogotá,App,cliente108@gmail.com,2026-02-25,32,2,73.39,1,0,Hogar,1
CLI-0109,Regular,Cali,Web,cliente109@outlook.com,18/02/2026,39,9,551.87,1,1,Hogar,1
CLI-0110,Premium,Medellín,App,cliente110@empresa.co,2026-03-15,14,26,2703.81,4,1,Belleza,1
CLI-0111,Regular,Bogotá,Tienda física,cliente111@hotmail.com,2025-12-18,101,2,420.61,3,1,Hogar,0
CLI-0112,Regular,Bogotá,App,cliente112@outlook.com,2026-01-16,72,5,245.54,3,0,Electrónica,1
CLI-0113,Dormido,Medellín,Web,cliente113@outlook.com,2025-07-22,250,2,130.18,2,2,Belleza,0
CLI-0114,Nuevo,Bucaramanga,Web,cliente114@outlook.com,2026-02-24,33,1,294.1,2,1,Hogar,1
CLI-0115,Nuevo,Cartagena,Web,cliente115@outlook.com,2026-03-22,7,1,134.24,1,0,Hogar,1
CLI-0116,Dormido,Medellín,App,cliente116@empresa.co,2025-03-20,374,5,250.17,1,1,Deportes,0
CLI-0117,Nuevo,Medellín,Tienda física,cliente117@empresa.co,2026-02-20,37,1,268.49,1,1,Hogar,0
CLI-0118,Regular,Bogotá,Web,cliente118@yahoo.com,12/03/2026,17,3,744.25,2,3,Ropa,1
CLI-0119,Dormido,Medellín,Web,cliente119@outlook.com,2025-08-02,239,3,386.18,1,4,Belleza,0
CLI-0120,Regular,Medellín,App,,25/01/2026,63,6,425.11,2,2,Ropa,0
CLI-0121,Nuevo,Cali,Web,cliente121@gmail.com,22/03/2026,7,2,43.94,1,0,Belleza,1
CLI-0122,Dormido,Medellín,App,cliente122@yahoo.com,2025-07-06,266,5,354.28,2,5,Deportes,0
CLI-0123,Regular,Bogotá,App,cliente123@empresa.co,2025-12-28,91,3,828.5,3,0,Hogar,1
CLI-0124,Premium,Bogotá,App,cliente124@empresa.co,2026-02-15,42,9,2324.85,4,0,Hogar,1
CLI-0125,Regular,Bogotá,Tienda física,cliente125@hotmail.com,2026-02-28,29,6,376.15,2,3,Hogar,1
CLI-0126,Regular,Bogotá,App,cliente126@gmail.com,2026-03-11,18,3,788.85,2,2,Belleza,1
CLI-0127,Nuevo,Bogotá,App,cliente127@yahoo.com,2026-03-07,22,2,59.23,2,1,Hogar,1
CLI-0128,Dormido,Pereira,Web,cliente128@yahoo.com,2025-08-02,239,3,360.98,2,1,Ropa,0
CLI-0129,Premium,Medellín,Web,cliente129@yahoo.com,2026-03-12,17,21,3915.09,3,1,Hogar,1
CLI-0130,Regular,Medellín,App,cliente130@hotmail.com,2026-02-23,34,8,274.42,3,1,Deportes,0
CLI-0131,Regular,Bucaramanga,Web,,2025-11-30,119,5,205.82,1,0,Ropa,1
CLI-0132,Regular,Pereira,App,cliente132@empresa.co,2025-12-12,107,8,646.55,2,1,Hogar,0
CLI-0133,Premium,Medellín,App,cliente133@yahoo.com,2026-03-08,21,17,3221.37,4,1,Hogar,1
CLI-0134,Regular,Barranquilla,App,,2026-03-03,26,6,621.14,3,1,Electrónica,1
CLI-0135,Dormido,Bogotá,Tienda física,cliente135@yahoo.com,2025-08-05,236,2,81.81,1,3,Belleza,0
CLI-0136,Regular,Bogotá,App,cliente136@outlook.com,2026-02-17,40,7,685.75,1,1,Ropa,1
CLI-0137,Regular,Medellín,App,cliente137@yahoo.com,2026-01-26,62,8,558.64,2,0,Electrónica,1
CLI-0138,Nuevo,Cali,App,,2026-03-08,21,2,235.86,2,1,Deportes,0
CLI-0139,Regular,Cali,Tienda física,,2026-03-18,11,5,866.9,3,0,Belleza,1
CLI-0140,Dormido,Bogotá,App,cliente140@gmail.com,2025-06-02,300,4,315.26,1,5,Ropa,0
CLI-0141,Dormido,Bogotá,App,cliente141@yahoo.com,2025-03-08,386,3,161.6,1,1,Hogar,0
CLI-0142,Regular,Cali,App,,2026-02-09,48,9,553.12,3,1,Ropa,0
CLI-0143,Regular,Bogotá,App,cliente143@empresa.co,2026-02-24,33,7,208.0,1,3,Hogar,0
CLI-0144,Regular,Medellín,Web,cliente144@hotmail.com,2026-02-12,45,8,309.81,3,2,Belleza,1
CLI-0145,Regular,Cali,Web,cliente145@outlook.com,29/12/2025,90,7,864.19,2,2,Hogar,0
CLI-0146,Premium,Cali,App,cliente146@yahoo.com,2026-03-20,9,9,1247.71,4,0,Deportes,1
CLI-0147,Nuevo,Barranquilla,App,cliente147@hotmail.com,12/03/2026,17,1,158.74,2,0,Hogar,0
CLI-0148,Regular,Bucaramanga,App,cliente148@gmail.com,2026-02-06,51,2,297.12,2,2,Deportes,0
CLI-0149,Premium,Medellín,App,cliente149@yahoo.com,2026-02-20,37,19,3717.73,4,1,Belleza,1
CLI-0150,Regular,Cali,App,cliente150@yahoo.com,2025-12-12,107,5,388.78,3,3,Belleza,0
CLI-0151,Dormido,Cali,Web,cliente151@outlook.com,2025-11-13,136,2,285.51,1,1,Ropa,1
CLI-0152,Regular,Bogotá,Tienda física,cliente152@yahoo.com,2026-03-08,21,7,866.54,3,2,Deportes,1
CLI-0153,Premium,Bogotá,Tienda física,cliente153@empresa.co,2026-03-08,21,24,3566.89,4,1,Deportes,1
CLI-0154,Regular,Bogotá,Tienda física,cliente154@outlook.com,09/01/2026,79,9,299.73,3,0,Electrónica,1
CLI-0155,Dormido,Medellín,Web,cliente155@hotmail.com,2025-10-02,178,2,49.09,1,2,Electrónica,0
CLI-0156,Regular,Cali,Web,cliente156@gmail.com,16/02/2026,41,3,570.61,3,0,Electrónica,1
CLI-0157,Nuevo,Barranquilla,App,cliente157@yahoo.com,2026-03-03,26,1,152.5,2,0,Hogar,1
CLI-0158,Nuevo,Bogotá,Web,cliente158@yahoo.com,2026-03-14,15,1,224.69,2,0,Electrónica,0
CLI-0159,Regular,Bogotá,Web,cliente159@hotmail.com,2026-01-07,81,3,437.41,2,0,Deportes,0
CLI-0160,Nuevo,Pereira,Web,,2026-02-26,31,2,35.37,2,0,Hogar,1
CLI-0161,Regular,Bogotá,Web,cliente161@outlook.com,2026-01-20,68,3,615.64,3,1,Belleza,1
CLI-0162,Nuevo,Medellín,App,cliente162@gmail.com,2026-03-05,24,1,176.99,2,0,Ropa,1
CLI-0163,Nuevo,Medellín,App,cliente163@gmail.com,26/03/2026,3,1,168.47,1,1,Electrónica,0
CLI-0164,Regular,Medellín,Tienda física,cliente164@hotmail.com,23/12/2025,96,5,557.94,1,3,Belleza,1
CLI-0165,Premium,Bogotá,App,cliente165@gmail.com,25/03/2026,4,29,2138.76,3,1,Deportes,1
CLI-0166,Nuevo,Bogotá,Web,cliente166@outlook.com,2026-03-13,16,1,192.44,2,1,Ropa,0
CLI-0167,Regular,Bogotá,Tienda física,cliente167@outlook.com,2026-01-24,64,4,796.08,3,1,Belleza,1
CLI-0168,Regular,Medellín,Web,,2026-03-07,22,6,407.17,3,3,Ropa,1
CLI-0169,Premium,Medellín,Web,cliente169@gmail.com,2026-02-18,39,21,2272.99,3,1,Electrónica,1
CLI-0170,Regular,Bogotá,App,cliente170@hotmail.com,2025-12-17,102,7,483.9,3,0,Deportes,0
CLI-0171,Nuevo,Cali,App,,2026-01-31,57,2,45.68,1,0,Ropa,1
CLI-0172,Premium,Barranquilla,Tienda física,cliente172@yahoo.com,2026-03-09,20,12,3875.54,3,0,Belleza,1
CLI-0173,Regular,Bogotá,Web,cliente173@outlook.com,2026-02-03,54,7,337.6,2,1,Electrónica,1
CLI-0174,Regular,Medellín,Web,cliente174@outlook.com,2026-01-17,71,6,133.67,1,0,Electrónica,1
CLI-0175,Nuevo,Cali,App,cliente175@yahoo.com,2026-02-11,46,1,139.78,1,0,Belleza,1
CLI-0176,Regular,Bogotá,App,cliente176@hotmail.com,2025-12-22,97,5,274.6,1,1,Belleza,1
CLI-0177,Nuevo,Bogotá,Tienda física,cliente177@empresa.co,20/02/2026,37,1,184.8,2,0,Ropa,1
CLI-0178,Regular,Cali,App,cliente178@gmail.com,2026-01-16,72,7,580.64,1,1,Hogar,0
CLI-0179,Dormido,Bucaramanga,Web,cliente179@outlook.com,2025-04-18,345,1,305.04,1,4,Electrónica,0
CLI-0180,Premium,Barranquilla,App,,2026-03-21,8,27,4318.87,3,1,Ropa,1
CLI-0181,Regular,Medellín,Web,cliente181@outlook.com,2025-12-01,118,7,284.54,1,1,Belleza,0
CLI-0182,Premium,Cali,Tienda física,cliente182@outlook.com,03/03/2026,26,16,1583.04,4,0,Ropa,1
CLI-0183,Dormido,Medellín,Web,,2025-03-13,381,5,51.4,1,1,Belleza,0
CLI-0184,Dormido,Cali,App,cliente184@gmail.com,2025-08-23,218,4,398.12,1,5,Deportes,0
CLI-0185,Regular,Medellín,Web,cliente185@outlook.com,2025-12-04,115,4,706.59,1,1,Belleza,1
CLI-0186,Nuevo,Bogotá,Web,cliente186@yahoo.com,2026-03-05,24,1,248.43,1,1,Belleza,1
CLI-0187,Nuevo,Cali,App,cliente187@empresa.co,2026-02-01,56,1,170.35,2,0,Belleza,1
CLI-0188,Regular,Medellín,Tienda física,cliente188@yahoo.com,2026-03-06,23,6,173.19,3,0,Hogar,0
CLI-0189,Regular,Medellín,Web,cliente189@gmail.com,2025-12-18,101,6,811.0,2,0,Belleza,0
CLI-0190,Regular,Cartagena,Tienda física,cliente190@outlook.com,2026-01-03,85,3,747.61,1,3,Electrónica,1
CLI-0191,Premium,Bogotá,Web,cliente191@gmail.com,24/03/2026,5,18,1165.34,4,1,Electrónica,1
CLI-0192,Dormido,Bogotá,App,cliente192@gmail.com,2025-10-23,157,3,297.67,2,2,Ropa,0
CLI-0193,Dormido,Bogotá,App,cliente193@empresa.co,2025-10-24,156,4,70.5,1,4,Hogar,1
CLI-0194,Nuevo,Barranquilla,App,,2026-03-16,13,1,37.22,2,0,Ropa,1
CLI-0195,Regular,Cali,Tienda física,cliente195@empresa.co,2026-01-17,71,6,825.21,2,2,Electrónica,0
CLI-0196,Regular,Bogotá,Web,cliente196@gmail.com,2026-02-08,49,4,791.59,2,0,Electrónica,1
CLI-0197,Nuevo,Cali,Web,cliente197@hotmail.com,2026-03-05,24,1,263.09,1,1,Deportes,1
CLI-0198,Dormido,Medellín,App,cliente198@yahoo.com,2025-10-02,178,3,89.35,1,5,Belleza,0
CLI-0199,Dormido,Barranquilla,App,cliente199@hotmail.com,2025-10-16,164,1,374.13,1,4,Electrónica,0
CLI-0200,Nuevo,Medellín,Web,,2026-03-02,27,2,72.98,1,0,Ropa,1
CLI-0201,Nuevo,Medellín,Web,cliente201@hotmail.com,2026-02-12,45,2,150.33,1,0,Ropa,1
CLI-0202,Premium,Cartagena,App,cliente202@hotmail.com,2026-02-15,42,17,4243.78,4,0,Belleza,1
CLI-0203,Regular,Bogotá,Web,cliente203@hotmail.com,2026-02-09,48,8,100.9,2,1,Belleza,1
CLI-0204,Dormido,Bogotá,App,,14/09/2025,196,5,125.71,2,2,Deportes,0
CLI-0205,Nuevo,Medellín,App,cliente205@outlook.com,2026-03-16,13,2,111.4,1,0,Hogar,0
CLI-0206,Premium,Pereira,Web,cliente206@gmail.com,2026-02-17,40,9,3462.82,3,1,Ropa,1
CLI-0207,Premium,Medellín,App,cliente207@outlook.com,2026-02-22,35,23,1249.32,3,1,Belleza,0
CLI-0208,Nuevo,Bogotá,Tienda física,cliente208@yahoo.com,2026-03-19,10,1,289.64,2,0,Ropa,1
CLI-0209,Premium,Bogotá,App,cliente209@empresa.co,2026-03-14,15,12,1230.54,4,1,Belleza,1
CLI-0210,Regular,Medellín,App,cliente210@outlook.com,14/12/2025,105,5,154.27,1,2,Electrónica,1
CLI-0211,Regular,Bogotá,App,cliente211@outlook.com,2026-03-08,21,7,666.86,1,1,Ropa,1
CLI-0212,Nuevo,Cali,Web,cliente212@empresa.co,07/03/2026,22,2,40.91,2,1,Electrónica,1
CLI-0213,Nuevo,Pereira,App,cliente213@outlook.com,2026-03-15,14,2,209.29,2,1,Ropa,1
CLI-0214,Regular,Medellín,Web,cliente214@outlook.com,2025-12-11,108,5,706.61,1,2,Hogar,1
CLI-0215,Nuevo,Medellín,App,cliente215@hotmail.com,2026-03-18,11,1,110.61,2,0,Deportes,1
CLI-0216,Regular,Medellín,App,cliente216@yahoo.com,2026-01-28,60,4,646.64,2,1,Electrónica,1
CLI-0217,Regular,Bogotá,App,cliente217@empresa.co,2026-02-02,55,3,897.7,3,0,Belleza,0
CLI-0218,Nuevo,Bucaramanga,Tienda física,cliente218@hotmail.com,2026-03-16,13,1,65.81,1,0,Hogar,0
CLI-0219,Nuevo,Medellín,Tienda física,cliente219@yahoo.com,28/02/2026,29,1,81.82,1,1,Ropa,1
CLI-0220,Nuevo,Medellín,App,,2026-03-15,14,2,203.26,1,0,Electrónica,1
CLI-0221,Nuevo,Cali,Web,cliente221@gmail.com,2026-03-12,17,2,62.3,1,1,Ropa,1
CLI-0222,Regular,Medellín,Tienda física,cliente222@hotmail.com,2026-02-27,30,8,435.78,2,2,Ropa,1
CLI-0223,Premium,Cali,App,cliente223@hotmail.com,2026-03-10,19,12,4932.71,4,0,Ropa,1
CLI-0224,Regular,Bogotá,Tienda física,cliente224@hotmail.com,2026-02-10,47,8,696.67,1,2,Deportes,0
CLI-0225,Regular,Barranquilla,App,cliente225@empresa.co,2026-02-23,34,9,394.82,3,2,Deportes,1
CLI-0226,Regular,Cartagena,Tienda física,cliente226@hotmail.com,07/01/2026,81,5,248.42,1,0,Belleza,1
CLI-0227,Dormido,Cali,Web,cliente227@gmail.com,2025-11-22,127,3,342.57,1,4,Electrónica,0
CLI-0228,Regular,Cartagena,Tienda física,cliente228@empresa.co,2026-03-17,12,6,205.0,2,0,Hogar,1
CLI-0229,Dormido,Bogotá,Web,cliente229@gmail.com,2025-10-15,165,1,30.46,2,1,Hogar,0
CLI-0230,Nuevo,Medellín,App,cliente230@hotmail.com,2026-02-13,44,2,140.49,2,1,Hogar,1
CLI-0231,Nuevo,Cali,Tienda física,cliente231@hotmail.com,31/01/2026,57,2,37.98,1,1,Ropa,1
CLI-0232,Regular,Medellín,App,cliente232@gmail.com,2026-03-18,11,9,446.6,1,3,Deportes,1
CLI-0233,Regular,Medellín,App,cliente233@outlook.com,2025-12-29,90,9,471.68,2,1,Electrónica,1
CLI-0234,Regular,Bogotá,Web,cliente234@outlook.com,30/11/2025,119,8,580.02,3,3,Ropa,0
CLI-0235,Regular,Bogotá,Web,cliente235@yahoo.com,03/02/2026,54,2,788.1,1,1,Deportes,1
CLI-0236,Nuevo,Medellín,Tienda física,cliente236@outlook.com,2026-03-21,8,1,154.54,1,1,Deportes,0
CLI-0237,Regular,Bogotá,App,cliente237@empresa.co,2026-03-03,26,5,889.33,3,3,Electrónica,1
CLI-0238,Premium,Cali,Web,cliente238@gmail.com,2026-03-13,16,29,3396.25,3,1,Electrónica,1
CLI-0239,Nuevo,Bogotá,Web,cliente239@yahoo.com,2026-03-19,10,2,22.74,1,1,Electrónica,1
CLI-0240,Regular,Bogotá,App,cliente240@outlook.com,2026-03-18,11,2,170.29,2,0,Ropa,1
CLI-0241,Dormido,Medellín,App,cliente241@outlook.com,2025-09-14,196,4,162.39,2,2,Belleza,0
CLI-0242,Dormido,Medellín,App,cliente242@gmail.com,2025-09-01,209,2,326.22,2,2,Electrónica,0
CLI-0243,Dormido,Bucaramanga,App,cliente243@yahoo.com,2025-07-30,242,1,376.4,2,1,Belleza,0
CLI-0244,Regular,Medellín,Tienda física,cliente244@outlook.com,2026-01-03,85,9,857.88,2,3,Ropa,1
CLI-0245,Premium,Bogotá,Web,cliente245@yahoo.com,2026-03-09,20,22,4222.27,3,0,Belleza,1
CLI-0246,Dormido,Barranquilla,Web,cliente246@empresa.co,07/09/2025,203,4,251.07,1,2,Hogar,0
CLI-0247,Regular,Medellín,Tienda física,cliente247@empresa.co,2026-03-17,12,8,521.12,2,1,Belleza,1
CLI-0248,Dormido,Bogotá,App,cliente248@gmail.com,2025-11-18,131,4,89.03,1,5,Electrónica,0
CLI-0249,Dormido,Medellín,Tienda física,cliente249@yahoo.com,2025-07-31,241,3,391.07,1,4,Ropa,0
CLI-0250,Dormido,Bucaramanga,App,cliente250@yahoo.com,2025-04-23,340,5,273.72,2,3,Electrónica,0
CLI-0251,Regular,Medellín,Tienda física,cliente251@yahoo.com,2025-12-28,91,7,675.36,1,1,Hogar,1
CLI-0252,Regular,Bogotá,App,cliente252@empresa.co,2025-12-14,105,9,879.83,2,2,Electrónica,1
CLI-0253,Dormido,Bogotá,Tienda física,cliente253@gmail.com,01/04/2025,362,3,111.61,1,1,Electrónica,0
CLI-0254,Regular,Bogotá,App,,2026-01-03,85,2,794.62,2,2,Electrónica,1
CLI-0255,Regular,Medellín,App,cliente255@empresa.co,2026-01-18,70,9,440.39,2,3,Deportes,1
CLI-0256,Regular,Medellín,Web,cliente256@outlook.com,2026-02-28,29,5,132.09,3,0,Hogar,1
CLI-0257,Dormido,Bogotá,App,,26/08/2025,215,1,192.29,2,5,Electrónica,1
CLI-0258,Nuevo,Cartagena,Web,cliente258@hotmail.com,2026-02-21,36,2,187.36,2,1,Electrónica,1
CLI-0259,Regular,Barranquilla,App,,2026-02-09,48,3,893.71,2,1,Electrónica,0
CLI-0260,Premium,Medellín,Web,cliente260@gmail.com,2026-03-17,12,10,3416.46,3,1,Ropa,1
CLI-0261,Nuevo,Barranquilla,App,cliente261@gmail.com,2026-03-14,15,1,56.84,2,1,Deportes,0
CLI-0262,Dormido,Bogotá,App,cliente262@empresa.co,2025-04-04,359,2,117.89,1,2,Ropa,0
CLI-0263,Premium,Medellín,App,,2026-02-20,37,12,1090.36,4,0,Deportes,1
CLI-0264,Regular,Cali,Web,cliente264@hotmail.com,2026-01-19,69,6,456.24,3,3,Electrónica,1
CLI-0265,Dormido,Barranquilla,App,cliente265@yahoo.com,2025-09-07,203,2,65.25,1,1,Hogar,1
CLI-0266,Nuevo,Barranquilla,App,cliente266@yahoo.com,04/03/2026,25,1,131.73,1,0,Belleza,0
CLI-0267,Nuevo,Bogotá,App,cliente267@empresa.co,2026-03-24,5,1,184.76,2,1,Belleza,1
CLI-0268,Nuevo,Cartagena,App,cliente268@gmail.com,2026-02-21,36,1,86.37,1,0,Electrónica,0
CLI-0269,Regular,Bogotá,Web,cliente269@hotmail.com,2026-03-10,19,4,453.62,2,3,Ropa,0
CLI-0270,Regular,Bucaramanga,Tienda física,cliente270@gmail.com,17/12/2025,102,3,635.51,1,0,Hogar,1
CLI-0271,Nuevo,Pereira,App,cliente271@empresa.co,2026-03-24,5,2,184.61,1,1,Deportes,1
CLI-0272,Nuevo,Bogotá,Web,cliente272@empresa.co,2026-01-31,57,2,120.59,1,1,Electrónica,0
CLI-0273,Dormido,Cali,Web,cliente273@hotmail.com,15/08/2025,226,5,161.99,1,4,Hogar,1
CLI-0274,Dormido,Bogotá,App,cliente274@empresa.co,02/08/2025,239,4,195.16,1,4,Hogar,0
CLI-0275,Regular,Medellín,Web,cliente275@gmail.com,18/01/2026,70,5,315.8,1,1,Deportes,1
CLI-0276,Regular,Medellín,App,cliente276@outlook.com,2026-02-11,46,5,141.36,3,0,Hogar,1
CLI-0277,Nuevo,Medellín,Web,cliente277@outlook.com,22/02/2026,35,2,70.4,1,0,Ropa,1
CLI-0278,Nuevo,Cartagena,App,cliente278@empresa.co,24/02/2026,33,1,183.71,2,1,Ropa,0
CLI-0279,Nuevo,Cali,Web,,2026-03-09,20,1,154.37,1,0,Ropa,1
CLI-0280,Nuevo,Medellín,Web,,2026-02-23,34,1,198.95,1,0,Hogar,0
CLI-0281,Dormido,Barranquilla,App,cliente281@outlook.com,21/04/2025,342,3,210.87,2,4,Ropa,0
CLI-0282,Regular,Cartagena,App,cliente282@gmail.com,26/12/2025,93,8,123.98,2,0,Deportes,0
CLI-0283,Regular,Bogotá,Tienda física,cliente283@yahoo.com,04/12/2025,115,5,638.75,1,1,Hogar,0
CLI-0284,Premium,Pereira,App,cliente284@gmail.com,2026-03-28,1,15,1455.89,3,1,Belleza,1
CLI-0285,Regular,Bogotá,Web,cliente285@outlook.com,2025-12-24,95,8,654.1,3,2,Hogar,1
CLI-0286,Premium,Barranquilla,Tienda física,cliente286@gmail.com,03/03/2026,26,18,3669.64,4,1,Deportes,1
CLI-0287,Regular,Bogotá,Web,cliente287@yahoo.com,03/03/2026,26,3,795.12,1,3,Belleza,1
CLI-0288,Regular,Bogotá,Web,cliente288@gmail.com,2026-01-03,85,4,844.76,1,1,Hogar,0
CLI-0289,Regular,Medellín,Web,cliente289@hotmail.com,2026-03-19,10,4,852.7,1,1,Ropa,1
CLI-0290,Regular,Cali,Tienda física,cliente290@yahoo.com,2026-01-31,57,6,561.75,2,1,Electrónica,0
CLI-0291,Premium,Medellín,Web,cliente291@gmail.com,2026-03-23,6,16,4439.04,4,0,Electrónica,1
CLI-0292,Premium,Bogotá,Web,cliente292@hotmail.com,2026-03-16,13,16,1180.02,3,0,Ropa,0
CLI-0293,Nuevo,Medellín,App,cliente293@empresa.co,2026-03-18,11,2,202.14,2,1,Electrónica,1
CLI-0294,Regular,Bucaramanga,Tienda física,cliente294@hotmail.com,2026-03-16,13,7,450.54,2,1,Electrónica,1
CLI-0295,Premium,Medellín,Web,cliente295@empresa.co,2026-03-16,13,16,2132.22,3,0,Ropa,1
CLI-0296,Regular,Bogotá,App,cliente296@gmail.com,2026-03-19,10,9,337.5,1,2,Ropa,1
CLI-0297,Nuevo,Medellín,Tienda física,cliente297@yahoo.com,08/03/2026,21,1,196.46,1,1,Hogar,1
CLI-0298,Regular,Bogotá,Web,cliente298@gmail.com,2026-03-05,24,6,404.34,1,0,Hogar,1
CLI-0299,Nuevo,Barranquilla,App,cliente299@hotmail.com,24/02/2026,33,1,172.79,2,0,Ropa,0
CLI-0300,Premium,Barranquilla,Web,cliente300@yahoo.com,2026-02-19,38,18,3334.48,4,1,Deportes,1
CLI-0301,Premium,Medellín,App,cliente301@yahoo.com,2026-03-19,10,9,2746.67,3,0,Electrónica,1
CLI-0302,Regular,Medellín,Tienda física,cliente302@yahoo.com,2026-02-22,35,9,515.27,1,1,Hogar,1
CLI-0303,Regular,Barranquilla,App,cliente303@outlook.com,17/12/2025,102,3,187.13,2,0,Electrónica,1
CLI-0304,Nuevo,Medellín,Tienda física,cliente304@empresa.co,2026-02-09,48,1,88.9,1,1,Belleza,1
CLI-0305,Nuevo,Barranquilla,Web,cliente305@outlook.com,2026-02-14,43,2,173.84,2,1,Ropa,0
CLI-0306,Dormido,Cali,App,cliente306@gmail.com,2025-11-09,140,3,32.8,2,5,Deportes,0
CLI-0307,Regular,Barranquilla,Tienda física,cliente307@hotmail.com,2026-03-05,24,2,623.75,3,2,Belleza,1
CLI-0308,Regular,Medellín,Web,cliente308@hotmail.com,2026-01-11,77,6,483.35,2,2,Belleza,1
CLI-0309,Nuevo,Medellín,App,cliente309@gmail.com,2026-03-15,14,1,192.86,2,0,Belleza,0
CLI-0310,Regular,Cartagena,Web,cliente310@outlook.com,2025-11-30,119,4,843.68,3,3,Ropa,1
CLI-0311,Regular,Medellín,Tienda física,cliente311@hotmail.com,2026-03-12,17,9,171.7,2,1,Hogar,1
CLI-0312,Premium,Cali,App,cliente312@yahoo.com,27/03/2026,2,24,4902.25,3,1,Ropa,1
CLI-0313,Premium,Bogotá,App,cliente313@hotmail.com,2026-02-27,30,18,1317.54,4,1,Hogar,1
CLI-0314,Dormido,Cali,App,cliente314@gmail.com,2025-10-22,158,5,98.3,2,1,Belleza,0
CLI-0315,Nuevo,Medellín,App,cliente315@hotmail.com,2026-02-15,42,2,289.62,2,1,Belleza,1
CLI-0316,Nuevo,Bogotá,Web,cliente316@outlook.com,2026-03-22,7,2,174.06,1,1,Deportes,1
CLI-0317,Regular,Bogotá,Web,cliente317@outlook.com,2025-12-04,115,8,861.12,2,2,Hogar,0
CLI-0318,Regular,Cali,App,cliente318@empresa.co,2026-02-27,30,7,574.83,1,1,Belleza,1
CLI-0319,Regular,Barranquilla,App,cliente319@hotmail.com,2026-03-05,24,3,239.82,1,0,Electrónica,0
CLI-0320,Regular,Medellín,App,cliente320@hotmail.com,2026-02-06,51,9,715.96,2,0,Deportes,0
CLI-0321,Regular,Bogotá,Tienda física,cliente321@outlook.com,2025-12-19,100,6,341.65,3,3,Ropa,1
CLI-0322,Nuevo,Cali,App,cliente322@hotmail.com,2026-02-21,36,2,208.0,2,0,Deportes,1
CLI-0323,Nuevo,Bogotá,Tienda física,cliente323@empresa.co,2026-03-10,19,2,61.92,2,0,Electrónica,1
CLI-0324,Regular,Medellín,Web,,10/01/2026,78,8,288.19,2,3,Hogar,1
CLI-0325,Dormido,Bogotá,App,cliente325@gmail.com,2025-06-22,280,5,65.41,1,5,Ropa,0
CLI-0326,Nuevo,Bogotá,Tienda física,,2026-02-22,35,2,77.73,2,0,Ropa,1
CLI-0327,Regular,Bogotá,Web,cliente327@empresa.co,2026-01-06,82,7,605.61,2,0,Hogar,0
CLI-0328,Nuevo,Medellín,Web,cliente328@hotmail.com,2026-03-04,25,2,96.87,1,0,Deportes,1
CLI-0329,Regular,Bogotá,Tienda física,cliente329@hotmail.com,2026-03-02,27,4,454.17,3,0,Belleza,1
CLI-0330,Regular,Medellín,App,cliente330@outlook.com,2026-02-07,50,2,112.66,2,3,Deportes,0
CLI-0331,Regular,Medellín,App,cliente331@gmail.com,01/03/2026,28,5,679.47,3,1,Electrónica,1
CLI-0332,Nuevo,Medellín,Web,cliente332@hotmail.com,12/02/2026,45,2,94.17,1,0,Belleza,1
CLI-0333,Premium,Medellín,App,cliente333@hotmail.com,21/02/2026,36,10,2484.99,3,0,Deportes,1
CLI-0334,Premium,Barranquilla,App,cliente334@outlook.com,2026-03-23,6,16,3392.05,3,0,Hogar,1
CLI-0335,Premium,Bogotá,App,cliente335@empresa.co,27/03/2026,2,12,1093.71,3,1,Electrónica,1
CLI-0336,Premium,Medellín,App,cliente336@gmail.com,2026-03-21,8,13,3289.81,4,0,Electrónica,0
CLI-0337,Dormido,Bogotá,Web,,2025-10-03,177,3,100.42,1,2,Electrónica,1
CLI-0338,Nuevo,Bogotá,App,cliente338@hotmail.com,2026-02-13,44,2,121.62,2,0,Belleza,0
CLI-0339,Regular,Medellín,Web,cliente339@outlook.com,2025-12-23,96,7,366.86,2,1,Ropa,0
CLI-0340,Premium,Medellín,Web,cliente340@gmail.com,2026-02-21,36,12,1536.27,3,0,Belleza,0
CLI-0341,Regular,Bucaramanga,App,cliente341@gmail.com,2026-01-24,64,9,427.58,1,1,Deportes,1
CLI-0342,Regular,Medellín,App,cliente342@gmail.com,2026-01-24,64,9,100.99,3,3,Ropa,0
CLI-0343,Regular,Cartagena,Web,,04/03/2026,25,7,287.71,3,3,Deportes,1
CLI-0344,Regular,Bogotá,App,cliente344@outlook.com,2025-12-06,113,7,893.99,1,3,Ropa,0
CLI-0345,Regular,Bogotá,Web,cliente345@empresa.co,2026-02-18,39,6,174.34,2,1,Belleza,1
CLI-0346,Nuevo,Bogotá,Tienda física,cliente346@yahoo.com,21/03/2026,8,1,262.11,2,0,Electrónica,0
CLI-0347,Nuevo,Bogotá,App,cliente347@hotmail.com,2026-03-17,12,2,64.61,2,0,Hogar,1
CLI-0348,Premium,Medellín,Web,cliente348@gmail.com,2026-02-21,36,8,1754.9,4,0,Electrónica,1
CLI-0349,Regular,Cali,Web,,2025-12-05,114,6,377.06,1,0,Belleza,1
CLI-0350,Nuevo,Bogotá,App,cliente350@empresa.co,2026-03-28,1,1,251.08,1,1,Ropa,0
CLI-0351,Regular,Cartagena,Tienda física,,2026-02-22,35,5,798.67,3,1,Electrónica,0
CLI-0352,Dormido,Barranquilla,Tienda física,,10/07/2025,262,4,345.03,2,2,Belleza,1
CLI-0353,Nuevo,Bogotá,App,cliente353@yahoo.com,2026-02-10,47,1,52.58,1,1,Deportes,0
CLI-0354,Regular,Bogotá,Web,cliente354@empresa.co,2026-02-13,44,7,802.38,2,1,Hogar,1
CLI-0355,Premium,Bogotá,Tienda física,cliente355@yahoo.com,2026-03-23,6,10,4118.13,4,1,Electrónica,1
CLI-0356,Nuevo,Bogotá,Tienda física,cliente356@gmail.com,2026-03-20,9,1,132.83,1,1,Ropa,1
CLI-0357,Premium,Bogotá,Web,cliente357@yahoo.com,2026-03-27,2,10,2253.62,4,1,Deportes,1
CLI-0358,Regular,Medellín,Web,cliente358@outlook.com,2026-03-10,19,2,560.13,2,0,Belleza,1
CLI-0359,Dormido,Bogotá,App,cliente359@hotmail.com,2025-06-19,283,1,254.31,2,5,Hogar,1
CLI-0360,Regular,Medellín,Tienda física,cliente360@empresa.co,17/03/2026,12,4,418.93,1,0,Ropa,1
CLI-0361,Regular,Pereira,App,cliente361@outlook.com,2025-12-12,107,9,482.59,1,3,Belleza,0
CLI-0362,Nuevo,Cali,Web,cliente362@gmail.com,2026-03-14,15,2,42.39,2,1,Belleza,0
CLI-0363,Regular,Cartagena,App,,14/12/2025,105,5,349.45,2,1,Electrónica,0
CLI-0364,Regular,Bogotá,App,cliente364@hotmail.com,2025-12-17,102,5,781.16,1,3,Electrónica,0
CLI-0365,Dormido,Medellín,App,,2025-10-18,162,2,270.57,1,3,Ropa,0
CLI-0366,Regular,Medellín,Tienda física,,2026-03-15,14,4,253.43,2,0,Belleza,1
CLI-0367,Dormido,Bogotá,App,cliente367@empresa.co,08/03/2025,386,2,51.38,1,1,Electrónica,0
CLI-0368,Dormido,Bogotá,Web,cliente368@gmail.com,2025-09-08,202,1,82.63,2,1,Hogar,0
CLI-0369,Regular,Cali,App,cliente369@hotmail.com,2026-01-17,71,7,180.84,1,3,Hogar,1
CLI-0370,Premium,Cali,App,cliente370@empresa.co,2026-03-25,4,11,4986.13,3,0,Belleza,1
CLI-0371,Premium,Medellín,App,cliente371@yahoo.com,18/02/2026,39,27,1529.76,4,1,Electrónica,1
CLI-0372,Premium,Medellín,Web,cliente372@gmail.com,2026-02-19,38,14,3842.13,4,0,Ropa,1
CLI-0373,Premium,Medellín,App,cliente373@hotmail.com,2026-02-22,35,14,3007.12,4,1,Ropa,1
CLI-0374,Nuevo,Bogotá,App,cliente374@gmail.com,2026-03-22,7,1,128.38,2,0,Ropa,1
CLI-0375,Premium,Bogotá,App,cliente375@empresa.co,2026-03-27,2,28,880.61,3,0,Hogar,1
CLI-0376,Regular,Bogotá,App,cliente376@empresa.co,2026-03-10,19,8,209.69,1,2,Electrónica,1
CLI-0377,Nuevo,Bogotá,Tienda física,cliente377@empresa.co,2026-03-28,1,1,23.39,1,1,Electrónica,1
CLI-0378,Premium,Cartagena,Tienda física,cliente378@gmail.com,08/03/2026,21,28,4166.46,4,0,Hogar,1
CLI-0379,Nuevo,Medellín,App,cliente379@yahoo.com,2026-02-21,36,1,50.73,1,1,Ropa,0
CLI-0380,Regular,Cali,Web,,16/01/2026,72,6,775.49,1,2,Ropa,0
CLI-0381,Premium,Bogotá,Tienda física,cliente381@hotmail.com,2026-03-03,26,11,4431.57,4,1,Belleza,1
CLI-0382,Nuevo,Medellín,App,cliente382@gmail.com,11/03/2026,18,2,246.99,2,0,Deportes,0
CLI-0383,Nuevo,Bogotá,Tienda física,cliente383@empresa.co,2026-02-28,29,2,129.87,1,1,Electrónica,1
CLI-0384,Dormido,Bogotá,Tienda física,cliente384@yahoo.com,2025-08-09,232,1,67.8,1,1,Electrónica,0
CLI-0385,Nuevo,Bogotá,App,cliente385@hotmail.com,2026-03-28,1,2,142.53,1,0,Electrónica,1
CLI-0386,Nuevo,Barranquilla,App,cliente386@gmail.com,19/03/2026,10,2,30.76,2,1,Deportes,0
CLI-0387,Regular,Cali,Tienda física,cliente387@empresa.co,2026-02-27,30,5,609.76,3,1,Belleza,1
CLI-0388,Regular,Medellín,Web,cliente388@outlook.com,2025-12-24,95,9,281.57,3,0,Deportes,1
CLI-0389,Nuevo,Medellín,App,,2026-03-05,24,1,62.05,2,1,Ropa,0
CLI-0390,Nuevo,Cartagena,App,cliente390@yahoo.com,2026-03-28,1,1,210.46,2,0,Ropa,1
CLI-0391,Dormido,Bogotá,App,,2025-09-04,206,3,273.84,2,3,Electrónica,1
CLI-0392,Regular,Bogotá,Web,cliente392@yahoo.com,2025-12-11,108,9,128.46,1,3,Hogar,1
CLI-0393,Regular,Bogotá,Web,cliente393@outlook.com,2025-12-06,113,3,469.56,3,3,Electrónica,1
CLI-0394,Nuevo,Barranquilla,Tienda física,cliente394@hotmail.com,2026-02-05,52,1,283.85,2,0,Hogar,1
CLI-0395,Regular,Pereira,App,cliente395@empresa.co,2026-01-28,60,4,429.7,2,0,Deportes,1
CLI-0396,Dormido,Bogotá,Web,cliente396@yahoo.com,2025-11-22,127,2,37.75,1,4,Ropa,0
CLI-0397,Dormido,Bucaramanga,Web,cliente397@yahoo.com,21/04/2025,342,1,391.12,1,2,Hogar,0
CLI-0398,Regular,Barranquilla,App,cliente398@empresa.co,30/01/2026,58,5,592.01,1,1,Deportes,1
CLI-0399,Nuevo,Bogotá,App,cliente399@empresa.co,16/02/2026,41,1,168.48,1,1,Ropa,1
CLI-0400,Nuevo,Medellín,Tienda física,,2026-02-07,50,2,243.64,1,1,Hogar,1
CLI-0401,Premium,Medellín,Tienda física,cliente401@outlook.com,2026-02-17,40,9,3327.9,4,0,Electrónica,1
CLI-0402,Dormido,Pereira,Web,cliente402@outlook.com,2025-04-18,345,3,46.18,2,1,Electrónica,0
CLI-0403,Regular,Bogotá,Web,cliente403@outlook.com,2026-03-02,27,8,176.01,3,3,Electrónica,1
CLI-0404,Nuevo,Barranquilla,App,cliente404@outlook.com,15/03/2026,14,2,128.82,2,1,Deportes,0
CLI-0405,Regular,Bogotá,Web,cliente405@hotmail.com,2026-02-18,39,5,197.2,3,3,Electrónica,0
CLI-0406,Dormido,Cali,Web,cliente406@yahoo.com,2025-06-09,293,1,268.95,2,3,Belleza,0
CLI-0407,Regular,Medellín,Web,cliente407@empresa.co,2026-02-16,41,7,789.1,1,0,Ropa,0
CLI-0408,Premium,Medellín,Tienda física,cliente408@outlook.com,11/03/2026,18,28,3971.18,4,0,Deportes,1
CLI-0409,Dormido,Barranquilla,Web,cliente409@hotmail.com,2025-04-06,357,4,49.93,1,3,Electrónica,0
CLI-0410,Premium,Barranquilla,App,cliente410@yahoo.com,2026-03-07,22,20,1492.22,3,0,Ropa,1
CLI-0411,Regular,Bucaramanga,Web,,2025-12-31,88,5,754.23,3,2,Hogar,1
CLI-0412,Dormido,Bogotá,App,cliente412@hotmail.com,2025-09-03,207,4,301.14,1,3,Electrónica,1
CLI-0413,Dormido,Cali,App,cliente413@empresa.co,2025-05-25,308,1,218.09,1,3,Ropa,0
CLI-0414,Regular,Bogotá,App,cliente414@hotmail.com,2026-02-19,38,7,798.66,1,2,Belleza,1
CLI-0415,Nuevo,Medellín,App,cliente415@empresa.co,2026-02-20,37,1,65.04,2,1,Hogar,1
CLI-0416,Regular,Medellín,Web,cliente416@hotmail.com,2026-01-07,81,2,693.37,1,2,Belleza,1
CLI-0417,Regular,Medellín,Web,cliente417@outlook.com,2026-03-16,13,9,255.16,2,3,Ropa,0
CLI-0418,Regular,Medellín,Web,cliente418@hotmail.com,2025-12-12,107,4,348.74,2,0,Belleza,0
CLI-0419,Nuevo,Pereira,Web,cliente419@hotmail.com,2026-02-18,39,1,72.65,2,0,Ropa,1
CLI-0420,Nuevo,Bogotá,App,cliente420@empresa.co,2026-03-16,13,1,175.18,2,1,Ropa,1
CLI-0421,Nuevo,Cali,Tienda física,cliente421@yahoo.com,2026-03-03,26,2,29.89,2,0,Belleza,0
CLI-0422,Nuevo,Medellín,App,cliente422@hotmail.com,2026-03-15,14,1,288.26,2,0,Ropa,0
CLI-0423,Premium,Bogotá,App,,2026-03-18,11,23,1425.33,4,0,Electrónica,1
CLI-0424,Regular,Bogotá,Web,cliente424@outlook.com,23/01/2026,65,4,897.07,3,3,Ropa,1
CLI-0425,Premium,Cartagena,App,cliente425@gmail.com,2026-03-25,4,27,4077.68,3,1,Deportes,1
CLI-0426,Regular,Bucaramanga,App,cliente426@empresa.co,2026-02-22,35,6,630.43,3,1,Ropa,1
CLI-0427,Regular,Bucaramanga,Web,cliente427@yahoo.com,2026-02-27,30,3,595.67,1,3,Deportes,1
CLI-0428,Dormido,Pereira,Web,cliente428@outlook.com,2025-11-10,139,1,247.63,1,4,Ropa,0
CLI-0429,Regular,Bogotá,App,cliente429@yahoo.com,2026-03-06,23,4,151.88,2,3,Ropa,0
CLI-0430,Premium,Medellín,Tienda física,cliente430@hotmail.com,2026-03-25,4,9,3317.35,3,0,Belleza,1
CLI-0431,Premium,Cali,Web,,2026-03-10,19,24,3473.26,4,0,Electrónica,1
CLI-0432,Nuevo,Medellín,Tienda física,cliente432@gmail.com,2026-03-05,24,1,228.86,2,1,Electrónica,1
CLI-0433,Nuevo,Medellín,App,cliente433@yahoo.com,2026-02-04,53,1,251.04,2,0,Hogar,1
CLI-0434,Premium,Medellín,Web,cliente434@hotmail.com,2026-02-21,36,24,2622.88,3,1,Belleza,1
CLI-0435,Premium,Medellín,Tienda física,cliente435@empresa.co,2026-03-01,28,22,4993.06,4,1,Belleza,0
CLI-0436,Nuevo,Medellín,Web,cliente436@gmail.com,2026-02-12,45,1,137.95,2,1,Electrónica,1
CLI-0437,Premium,Bogotá,Web,cliente437@empresa.co,2026-03-02,27,22,2521.6,4,1,Belleza,0
CLI-0438,Nuevo,Medellín,App,cliente438@gmail.com,18/03/2026,11,1,180.12,1,1,Electrónica,0
CLI-0439,Nuevo,Medellín,App,cliente439@hotmail.com,2026-01-31,57,2,121.43,1,1,Belleza,1
CLI-0440,Premium,Medellín,Web,,16/03/2026,13,18,901.61,4,1,Ropa,1
CLI-0441,Premium,Bogotá,App,cliente441@gmail.com,2026-03-23,6,24,4704.39,3,0,Electrónica,1
CLI-0442,Dormido,Cali,Tienda física,,26/10/2025,154,2,352.91,2,5,Electrónica,0
CLI-0443,Regular,Bogotá,App,cliente443@hotmail.com,11/02/2026,46,5,742.11,1,1,Deportes,0
CLI-0444,Regular,Medellín,Tienda física,,2025-12-10,109,7,604.94,3,1,Belleza,0
CLI-0445,Nuevo,Barranquilla,Tienda física,cliente445@empresa.co,2026-02-18,39,2,274.63,1,1,Belleza,1
CLI-0446,Dormido,Medellín,App,cliente446@empresa.co,2025-08-22,219,1,88.8,2,4,Electrónica,0
CLI-0447,Dormido,Bogotá,App,cliente447@gmail.com,2025-05-26,307,1,308.01,2,1,Ropa,0
CLI-0448,Nuevo,Cali,Tienda física,cliente448@hotmail.com,2026-03-08,21,2,99.17,2,1,Ropa,1
CLI-0449,Regular,Medellín,Tienda física,cliente449@hotmail.com,2025-12-24,95,5,320.58,2,2,Ropa,1
CLI-0450,Premium,Barranquilla,App,cliente450@yahoo.com,2026-03-19,10,23,2359.07,4,0,Belleza,1
CLI-0451,Nuevo,Cali,App,,2026-03-04,25,1,95.08,1,0,Deportes,1
CLI-0452,Regular,Cali,Web,cliente452@hotmail.com,2025-12-10,109,9,137.2,2,1,Electrónica,0
CLI-0453,Regular,Medellín,Web,cliente453@yahoo.com,2025-12-03,116,2,376.74,1,1,Hogar,0
CLI-0454,Dormido,Bogotá,App,cliente454@gmail.com,2025-11-23,126,2,301.01,2,3,Deportes,0
CLI-0455,Premium,Bogotá,Web,cliente455@hotmail.com,2026-03-05,24,22,4504.97,4,0,Hogar,1
CLI-0456,Regular,Medellín,App,cliente456@empresa.co,2026-02-22,35,5,730.17,1,1,Deportes,1
CLI-0457,Premium,Medellín,App,cliente457@hotmail.com,2026-02-20,37,28,1877.43,3,0,Ropa,1
CLI-0458,Regular,Medellín,App,,2025-12-20,99,6,552.26,3,2,Belleza,1
CLI-0459,Premium,Bogotá,App,cliente459@outlook.com,2026-03-04,25,28,3355.81,3,0,Hogar,1
CLI-0460,Premium,Bogotá,App,cliente460@yahoo.com,2026-02-16,41,8,1435.24,3,1,Deportes,1
CLI-0461,Premium,Medellín,Web,cliente461@empresa.co,2026-02-15,42,14,3671.77,3,0,Belleza,1
CLI-0462,Nuevo,Bogotá,App,cliente462@outlook.com,2026-03-05,24,1,83.67,2,1,Hogar,0
CLI-0463,Nuevo,Cali,App,cliente463@empresa.co,2026-02-14,43,1,241.68,1,0,Electrónica,1
CLI-0464,Regular,Bogotá,App,,2025-12-12,107,7,280.92,1,1,Deportes,1
CLI-0465,Dormido,Medellín,Tienda física,cliente465@empresa.co,2025-11-25,124,2,275.75,2,1,Electrónica,0
CLI-0466,Regular,Cartagena,App,cliente466@empresa.co,2026-01-05,83,3,789.59,1,2,Ropa,0
CLI-0467,Regular,Bogotá,App,,2026-02-09,48,7,332.47,2,2,Electrónica,1
CLI-0468,Dormido,Medellín,Web,cliente468@hotmail.com,2025-10-02,178,2,391.88,1,3,Electrónica,0
CLI-0469,Regular,Bogotá,Tienda física,cliente469@outlook.com,2026-01-30,58,9,371.82,2,0,Deportes,1
CLI-0470,Dormido,Cali,App,cliente470@empresa.co,23/09/2025,187,4,222.17,1,5,Ropa,0
CLI-0471,Premium,Medellín,Web,cliente471@outlook.com,2026-03-07,22,27,4456.43,3,0,Electrónica,1
CLI-0472,Dormido,Medellín,Web,cliente472@outlook.com,2025-06-15,287,2,307.77,1,1,Belleza,1
CLI-0473,Premium,Medellín,Web,cliente473@hotmail.com,2026-03-27,2,10,4618.72,4,0,Hogar,1
CLI-0474,Dormido,Bucaramanga,App,cliente474@empresa.co,2025-04-17,346,4,197.13,2,3,Electrónica,0
CLI-0475,Regular,Bogotá,Web,cliente475@outlook.com,2026-02-05,52,4,452.86,2,2,Ropa,1
CLI-0476,Dormido,Bogotá,App,cliente476@gmail.com,2025-11-22,127,4,323.36,1,4,Electrónica,0
CLI-0477,Premium,Bucaramanga,Web,cliente477@outlook.com,2026-03-08,21,15,4151.24,3,0,Hogar,1
CLI-0478,Regular,Medellín,Web,cliente478@hotmail.com,31/01/2026,57,7,526.42,2,1,Ropa,1
CLI-0479,Dormido,Bucaramanga,App,,2025-03-07,387,2,147.2,1,3,Deportes,0
CLI-0480,Regular,Medellín,Tienda física,,2026-03-17,12,4,321.52,2,3,Ropa,0
CLI-0481,Nuevo,Barranquilla,App,cliente481@hotmail.com,2026-02-24,33,2,76.56,2,1,Deportes,1
CLI-0482,Nuevo,Medellín,Tienda física,cliente482@empresa.co,2026-02-20,37,2,203.2,1,0,Ropa,0
CLI-0483,Regular,Cali,Web,cliente483@outlook.com,2026-03-16,13,7,592.24,3,1,Hogar,1
CLI-0484,Nuevo,Cartagena,App,cliente484@outlook.com,2026-02-25,32,1,245.01,1,1,Hogar,1
CLI-0485,Regular,Medellín,App,cliente485@yahoo.com,2026-03-04,25,2,434.21,1,2,Ropa,0
CLI-0486,Dormido,Bogotá,Tienda física,cliente486@outlook.com,2025-11-09,140,5,149.51,2,4,Electrónica,0
CLI-0487,Premium,Bogotá,App,cliente487@gmail.com,2026-02-26,31,12,3150.97,4,0,Hogar,1
CLI-0488,Regular,Bogotá,App,cliente488@outlook.com,23/02/2026,34,5,812.21,2,1,Deportes,1
CLI-0489,Dormido,Bogotá,App,,2025-07-20,252,3,99.34,1,5,Deportes,0
CLI-0490,Dormido,Bogotá,Web,,2025-07-19,253,3,311.05,1,1,Belleza,1
CLI-0491,Regular,Medellín,Web,cliente491@yahoo.com,2026-01-13,75,8,621.33,1,0,Deportes,0
CLI-0492,Nuevo,Medellín,App,cliente492@hotmail.com,05/03/2026,24,2,249.39,2,1,Belleza,0
CLI-0493,Regular,Medellín,App,,2026-02-18,39,3,295.47,2,3,Ropa,1
CLI-0494,Regular,Cali,App,cliente494@empresa.co,2026-01-17,71,2,291.9,2,3,Ropa,0
CLI-0495,Regular,Bogotá,App,cliente495@hotmail.com,07/02/2026,50,4,460.28,3,1,Ropa,1
CLI-0496,Regular,Bogotá,App,cliente496@outlook.com,2026-01-22,66,8,596.74,1,1,Electrónica,1
CLI-0497,Regular,Bogotá,Web,cliente497@yahoo.com,2026-01-10,78,5,477.03,3,2,Electrónica,1
CLI-0498,Premium,Medellín,App,cliente498@empresa.co,2026-02-22,35,8,1330.31,4,1,Belleza,1
CLI-0499,Dormido,Bogotá,App,cliente499@empresa.co,2025-09-25,185,3,283.94,1,4,Deportes,0
CLI-0500,Dormido,Bogotá,App,cliente500@yahoo.com,2025-05-13,320,4,114.06,2,3,Deportes,0
